Country,2016,2015,2014,2013,2012,2011,2010,2009,2008,2007,2006,2005,2004,2003,2002,2001,2000,1999,1998,1997,1996,1995,1994,1993,1992,1991,1990,1989,1988,1987,1986,1985,1984,1983,1982,1981,1980
Afghanistan,,0.02,0.03,0.03,0.04,0.04,0.03,0.03,0.03,0.03,0.03,0.02,0.02,0.01,0.01,0,0,0,0,0,0,0,0,0,0,0,0,0,0,0,0,0,0,0,0,0,0
Albania,5.07,4.77,4.81,5.06,5.43,5.65,5.53,6.04,5.82,5.76,5.46,5.3,4.67,4.43,4.01,4.71,3.98,2.19,1.54,2.22,3.12,2.87,2.77,1.49,1.35,1.28,2.03,1.73,1.67,1.63,1.39,1.6,1.58,1.68,1.51,1.84,1.79
Algeria,0.56,0.56,0.56,0.54,0.49,0.44,0.39,0.48,0.43,0.39,0.43,0.55,0.52,0.39,0.43,0.27,0.32,0.23,0.26,0.28,0.29,0.29,0.25,0.24,0.2,0.18,0.19,0.4,0.42,0.28,0.29,0.31,0.33,0.33,0.42,0.46,0.48
Andorra,10.06,9.97,9.95,9.78,10.06,10.31,10.64,10.8,10.97,11.53,12.03,11.96,10.8,10.97,11.53,12.03,11.96,,,,,,,,,,,,,,,,,,,,
Angola,4.7,5.65,9,8.02,8.14,7.86,7.67,6.89,6.9,6.22,5.44,4.68,3.39,2.88,2.62,2.45,1.77,1.97,2.51,2.59,2.07,1.95,2,1.79,2.67,2.14,2.12,2.29,1.89,1.63,1.69,2.06,1.94,1.75,1.96,2.46,1.73
Antigua and Barbuda,,8.45,8.45,8.5,8.3,7.91,7.81,7.9,8.24,8.19,8.34,8.81,7.27,7.11,7.14,7.43,7.46,5.65,5.35,5.45,5.44,5.08,4.77,4.3,4.5,4.42,5.14,4.69,3.87,3.68,3.55,3.57,5.41,4.33,3.17,3.72,1.67
Argentina,,8.42,7.93,8.2,8.35,8.11,8.15,8.33,8.41,8.16,7.75,7.53,7.63,7.62,7.81,7.76,7.68,9.21,9.21,10.25,9.93,10.13,10.94,11.56,12.09,12.32,11.66,10.82,11.49,12.76,12.89,12.75,13.84,14.49,14.57,15.29,16.6
Armenia,3.77,3.84,3.97,3.72,3.84,4.06,4.23,3.97,3.96,4,4.01,4.25,3.81,3.03,2.93,2.96,2.98,2.16,1.9,2.84,2.92,2.98,4.34,2.71,2.52,2.98,3.18,,,,,,,,,,
Australia,9.71,9.52,9.71,9.87,10.03,10.3,10.52,10.62,10.76,10.56,10.31,10.3,9.84,9.97,9.84,9.53,10.17,9.88,9.79,9.91,9.77,9.69,9.89,9.63,10.32,10.64,11.01,12.09,12.39,12.45,12.3,12.89,12.74,12.76,13.05,13.46,13.3
Austria,,11.4,12.2,11.6,12.1,11.9,12.1,11.3,12,12.5,12.4,12.4,12.1,12.2,12.5,12.4,13.2,12.8,12.9,12.9,13.5,13.4,12.5,13.5,13.6,14.1,13.9,13.9,13.7,13.5,13.6,13.3,13.9,14,13.5,13.5,13.6
Azerbaijan,0.39,0.84,1.95,2.04,1.98,1.94,1.9,1.9,1.15,0.98,0.87,0.74,4.39,4.26,4.68,5.7,6.77,1.16,1.7,0.71,1.44,1.23,1.37,2.91,4.31,2.88,2.92,,,,,,,,,,
Bahamas,,8.65,8.62,8.55,8.86,8.94,8.75,8.63,9.53,10.02,10.29,10.64,9.98,10.68,10.83,11.62,12.19,8.65,9.78,10.27,10.3,10.93,12.95,12.8,13.2,12.45,12.53,12.34,12.17,14.17,14.13,14.55,14.74,15.17,15.88,14.67,15.09
Bahrain,2.08,2.16,2.12,2.12,2.02,1.86,2.1,2.1,2.16,2.16,2.2,2.15,2.15,2.14,1.96,1.93,2.15,2.95,2.55,6.13,4.9,4.7,4.64,5,5.11,5.3,5.39,4.89,4.94,5.59,5.1,5.46,6.66,7.09,6.16,4.37,4.2
Bangladesh,,0.01,0.01,0.01,0.01,0.01,0.01,0.01,0.01,0,0,0,0,0,0,0,0.01,0,0,0,0,0,0.01,0,0.01,0,0.01,0,0,0,0,0,0,0,0,0,0
Barbados,,9.15,8.97,8.88,8.79,8.49,8.45,8.55,8.83,8.43,8.6,8.17,7.67,7.61,7.53,7.32,7.24,6.64,5.49,5.88,5.85,5.76,7.39,7.51,7.09,7.54,7.36,,,,,,,,,,
Belarus,10.05,10.09,11.71,12.37,14.14,15.05,13.88,13.97,14.54,13.86,12.53,11.05,12.08,11.17,12.23,10.74,12.92,12.72,11.72,11.02,10.45,9.35,9.86,10.23,8.7,8.87,7.85,7.98,4.55,5.71,7.57,11.41,12.7,12.43,12.67,13.2,13.23
Belgium,,10.36,10.57,10.33,10.09,10.14,10.27,10.1,10.51,13.43,10.94,12.21,12.06,11.31,11.33,11.05,11.25,10.1,9.92,10.92,10.94,11.04,11.12,11.66,11.65,11.44,12.18,11.61,12.52,13.16,12.72,13.14,13.26,13.55,13.72,13.25,13.99
Belize,,6.2,6.17,6.17,6.28,6.26,6.38,6.45,6.86,6.93,6.22,6.06,6.04,5.53,4.87,4.77,4.67,5.2,5.23,5.16,5.23,5.94,5.55,6.35,5.69,4.91,5.21,,4.35,4.65,5.73,6.17,6.2,7.05,7.75,7.99,7.26
Benin,,1.55,1.6,1.45,1.42,1.44,1.37,1.21,1.34,1.2,1.26,1.22,1.23,1.44,1.33,1.38,1.43,1.17,1.26,1.17,1.28,0.83,0.7,0.96,0.83,0.77,0.94,1.38,1.35,1.53,1.25,1.23,1.42,1.64,2.49,2.34,1.86
Bhutan,,,,0.19,0.4,0.18,1.16,0.22,0.3,0.2,0.33,1.1,0.96,0.52,0.29,1.42,1.66,3.25,1.79,1.92,3.16,1.82,1.81,3,2.09,1.82,1.74,0.31,0.32,0.46,0.46,0.5,0.51,0.51,0.55,0.52,0.5
Bolivia (Plurinational State of),3.57,3.61,3.69,3.73,3.82,3.86,3.9,3.83,3.75,3.47,3.22,2.85,2.65,2.36,2.28,2.23,2.34,3.67,3.17,3.08,2.98,3.12,3.1,2.97,2.94,3.17,2.89,3.05,3.14,3.06,3.3,3.41,2.99,3.54,3.96,4.86,4.66
Bosnia and Herzegovina,4.44,4.33,4.34,4.43,4.69,4.65,4.5,4.71,5.09,5.11,4.78,4.53,4.22,4.12,3.89,3.95,3.69,8.57,8.37,10,9.68,8.47,8.19,8.55,10.03,13.79,11.87,,,,,,,,,,
Botswana,,6.22,5.47,4.72,5.13,6,5.61,5.3,7.46,6.84,7.13,6.15,4.67,5.38,6.16,5.12,4.95,4.51,5.05,4.93,5.02,5.27,5.08,5.53,6.38,5.13,5.44,4.68,4.56,4.27,4.5,4.4,4.38,3.28,3.21,3.55,3.58
Brazil,6.31,6.97,7.17,7.1,7.31,7.43,7.38,7.21,7.09,7.08,7,6.85,6.77,6.88,7.07,7.22,7.35,5.96,5.74,5.82,5.88,5.89,5.2,4.92,5.27,5.5,5.25,5.52,4.11,3.95,4.14,3.79,3.72,3.62,3.57,3.38,3.45
Brunei Darussalam,,0.64,0.64,0.64,0.65,0.94,0.87,0.25,0.66,0.84,0.66,0.16,0.11,0.12,0.13,0.47,0.37,0.51,0.15,0.22,0.71,0.73,0.4,0.79,,2.91,2.9,2.78,2.48,2.89,2.53,3.31,4.06,3.09,2.94,2.59,2.43
Bulgaria,11.49,11.3,10.67,10.74,11.3,11.05,10.83,10.96,11.01,10.92,10.42,10.53,10.97,11.19,10.61,11.21,10.08,7.65,7.86,8.13,9.18,9.51,9.7,9.86,10.15,9.47,11.46,11.43,11.17,10.91,11.47,10.92,11.37,10.96,11.2,11.34,10.84
Burkina Faso,,4.87,4.85,4.63,4.64,4.51,4.65,4.57,4.47,4.58,4.72,4.91,4.55,4.6,4.52,4.55,3.74,4.54,4.25,4.68,5.02,4.67,4.66,4.99,4.86,3.92,4.05,3.99,3.63,4.07,3.7,3.11,3.3,3.4,3.7,3.46,3.75
Burundi,,,,,,4.16,4.16,4.05,4.33,4.54,4.5,5.54,5.81,5.94,6.08,6.19,6.72,6.89,7.39,8.92,8.28,8.57,9.47,10.31,10.61,10.42,10.27,8.16,8.19,8.22,8.35,8.26,7.43,7.42,7.99,8.44,8.01
Cabo Verde,,4.12,3.88,3.53,4.98,5.06,4.73,4.45,4.18,5.32,4.3,4.38,4.31,4.3,3.94,3.95,3.59,4,3.69,3.47,4.16,3.82,4.44,4.66,3.8,3.2,2.68,2.78,3.31,3.36,2.92,2.5,2.62,2.11,1.91,2.15,2.04
Cambodia,3.5,3.32,3.04,2.78,2.5,2.38,2.14,1.41,1.34,1.28,1.17,1.1,0.9,0.83,0.74,0.61,0.6,1.91,1.95,1.78,1.57,1.02,1.29,0.25,0.25,0.22,0.4,0.33,0.17,0.22,0.22,0.25,0.3,0.51,0.42,,
Cameroon,,6.5,6.71,6.67,6.35,6.12,6.17,6.08,5.57,5.33,5.26,5.2,5.32,5.29,5.2,5.04,4.5,2.3,2.97,2.47,2.47,3.05,3.11,3.08,3.24,3.91,5.9,6.36,6.31,6.5,6.5,6.21,5.97,6.27,6.51,6.07,6.33
Canada,8.2,8,8.1,8.2,8.3,8.2,8.4,8.4,8.3,8.3,8.2,8,7.8,7.8,7.7,7.7,7.7,7.5,7.3,7.2,7.4,7.3,7.5,7.5,8.02,8.28,8.77,9.14,9.39,9.28,9.41,9.55,9.68,10.06,10.32,10.33,10.32
Central African Republic,,1.68,1.59,1.46,1.72,1.77,1.82,1.62,1.71,1.68,1.63,1.66,1.61,1.62,1.62,1.68,1.69,1.54,1.68,1.58,1.74,1.93,2.04,2.28,2.06,2.12,,2.52,2.51,2.78,2.94,2.8,2.5,2.48,2.85,2.6,2.83
Chad,,0.69,0.68,0.63,0.63,0.6,0.55,0.5,0.49,0.45,0.44,0.43,0.35,0.43,0.36,0.31,0.26,0.22,0.26,0.34,0.5,0.19,0.32,0.3,0.4,0.46,0.39,0.29,0.29,0.29,0.32,0.39,0.34,0.28,0.32,0.33,0.3
Chile,,7.89,7.92,7.23,8.35,7.02,7.55,7.67,7.31,7.39,7.33,7.57,6.98,7.25,6.88,6.94,7.09,7.61,7.25,6.57,7.43,8.34,7.73,7.67,7.82,7.99,8.61,8.65,9.52,9.49,8.93,9.72,10.04,9.98,12.64,9.74,10.22
China,5.74,5.74,5.81,5.81,5.74,5.65,5.75,4.88,4.27,3.88,3.28,2.92,3.05,2.98,2.98,2.91,3.11,3.61,3.88,4.6,4.48,4.7,3.98,3.8,3.54,3.4,3.34,3.16,3.5,3.3,2.92,2.53,2.36,2.28,2.06,1.89,1.7
Colombia,4.46,4.43,4.3,4.33,4.35,4.29,4.21,4.26,4.36,4.56,4.44,4.27,4.16,4.15,4.33,4.3,4.52,6.29,6.55,6.45,6.69,6.96,6.83,6.66,6.18,7.29,7.01,6.96,7.18,6.81,6.61,6.33,6.18,6.33,6.16,6.29,6.21
Comoros,,,,0.25,0.11,0.12,0.15,0.17,0.12,0.16,0.25,0.24,0.35,0.33,0.1,0.11,0.11,0.08,0.07,0.1,0.06,0.11,0.1,0.12,0.12,0.14,0.19,0.11,0.08,0.08,0.16,0.38,0.5,0.06,0.16,0.19,0.06
Congo,,4.86,4.93,4.71,4.46,4.34,4.12,3.5,3.25,3.13,2.84,2.42,2.57,2.44,2.56,2.23,2.13,2.08,1.88,1.73,2.11,2.02,2.06,2.87,2.83,2.79,2.45,3.03,3.82,4.15,5.09,5.45,5.92,5.52,4.74,4.42,3.84
Cook Islands,,,,15.78,13.67,7.07,13.01,9.89,9.18,9.59,7.32,7.9,8.27,8.71,1.29,2.69,4.2,1.04,1.64,3.31,2.21,2.08,2.61,2.29,3.73,3.23,6.05,,,,,,,,,,
Costa Rica,3.7,3.63,3.56,3.53,3.43,3.49,3.65,4.15,4.3,4.26,4.2,4.14,4.12,4.05,4.17,4.26,4.31,5.42,5.59,5.62,5.58,5.91,6.07,5.64,5.57,6.1,6.09,5.4,5.51,4.23,4.86,5.04,4.87,4.51,4.65,4.62,4.63
CÃ´te d'Ivoire,,4.79,4.67,4.56,4.69,4.61,4.77,4.24,4.18,3.69,3.88,4.69,4.48,4.69,4.59,4.69,4.67,4.54,4.42,4.47,4.46,4.59,3.97,4.27,4.17,4.35,4.24,2.2,2.3,2.49,2.8,3.12,2.77,3.07,3.76,4.15,4.89
Croatia,10.32,9.89,10.64,11.64,11.92,12.43,12.11,12.07,12.3,12.28,11.84,11.58,13.12,13.8,14.83,14.56,14.06,12.15,13.84,13.21,11.1,10.91,11.61,11.26,11.47,13.69,15.9,10.92,11.07,13.51,,,,,,,
Cuba,4.59,4.6,4.48,4.32,4.15,4.15,4.1,4.04,4.28,4.13,4.19,4.49,4.4,4.41,4.12,4.07,3.94,3.96,3.71,3.39,3.45,3.59,3.84,2.91,3.75,3.54,3.98,4.37,4.45,4.37,4.04,3.96,3.75,3.66,3.59,2.96,3.01
Cyprus,,9.55,9.59,9.04,10.56,10.7,11.32,10.81,12.03,11.58,11.48,11.41,13.03,10.62,11.68,10.16,9.56,8.93,8.68,8.33,8.49,9.47,9.53,9.41,10.38,9.16,9.46,9.29,9.61,8.88,8.33,7.93,7.61,7.46,6.99,6.71,6.28
Czechia,12.99,12.82,13.06,12.84,12.97,12.61,12.65,13.31,13.35,13.35,13.12,13.26,13.31,13.88,13.72,13.75,13.98,13.85,13.92,14.05,13.78,13.74,13.83,13.72,14.39,13.74,,13.01,12.84,13.2,13.01,14.24,14.29,14.14,14.12,14.23,13.99
Democratic People's Republic of Korea,,3.35,3.35,3.35,3.61,3.39,3.12,3.35,3.16,3.13,3.28,3.2,3.13,3.13,3.09,2.54,3.54,5.93,5.99,5.57,5.67,3.87,3.7,3.83,3.73,3.74,3.71,3.68,3.66,3.59,3.51,3.47,3.33,3.01,2.76,2.8,2.64
Democratic Republic of the Congo,,1.39,1.58,1.62,1.72,1.65,1.67,1.17,1.26,1.08,0.77,0.7,0.62,0.48,0.52,0.47,0.55,1.89,1.89,1.89,1.87,1.99,1.84,1.96,1.93,2.11,2.29,1.92,2.12,2.36,2.34,2.69,2.27,2.16,2.08,2.17,2.1
Denmark,9.55,9.38,9.53,9.43,9.1,10.22,10.24,10.09,10.71,11,11.02,11.27,11.27,11.54,11.33,11.55,11.68,11.62,11.69,12.2,12.27,12.16,12.14,11.89,11.94,11.76,11.85,11.65,11.9,11.74,12.26,12.2,12.4,12.81,12.47,12.09,11.5
Djibouti,0.36,0.37,0.34,0.52,0.47,0.51,0.5,0.49,0.45,0.46,1.02,1.23,1.18,1.02,1.03,0.95,1.34,0.93,1.34,1.48,0.47,0.42,0.57,0.69,0.6,0.76,0.78,0.87,0.97,1.6,2.27,2.96,2.48,2.69,2.04,1.91,1.76
Dominica,,,,8.41,8.48,5.46,7.45,7.45,9.74,8.51,8.62,8.12,8.42,7.15,8.36,8.62,8.86,7.48,7.51,8.42,7.42,10.41,8.45,10.33,10.28,11.61,9.35,,,,,,,,,,
Dominican Republic,5.5,6.14,6.02,6.03,6.02,6.01,6.12,6.15,6.21,6.14,6.3,5.79,5.23,6.4,6.51,6.21,6.66,6.29,6.01,5.8,5.67,5.52,5.86,5.63,6.04,4.94,5.34,4.53,4.32,4.38,3.73,3.52,3.63,3.38,3.69,3.79,3.82
Ecuador,3.17,3.67,3.8,3.78,3.92,4,3.96,3.88,3.77,3.64,3.54,3.56,3.66,3.7,3.87,4.12,3.97,1.58,1.8,1.52,1.67,2.3,2.14,2.39,2.44,2.43,2.1,2.54,3.35,2.54,2.5,2.32,2.33,2.79,2.95,3.14,3.39
Egypt,0.18,0.18,0.2,0.2,0.2,0.2,0.21,0.2,0.23,0.2,0.18,0.16,0.16,0.15,0.15,0.14,0.14,0.08,0.08,0.08,0.08,0.08,0.08,0.08,0.08,0.09,0.1,0.42,0.41,0.39,0.39,0.37,0.37,0.35,0.36,0.31,0.35
El Salvador,2.68,2.57,2.47,2.36,2.42,2.31,2.29,2.48,2.59,2.73,2.66,2.67,2.78,2.98,2.85,2.76,2.67,3.18,2.79,2.83,2.57,2.77,2.64,2.46,2.17,2.32,2.2,1.77,1.84,2.26,2.41,2.57,2.56,2.54,2.79,3.08,2.88
Equatorial Guinea,,9.85,10.23,10.16,11.65,10.78,9.76,7.89,8.28,6.81,7.23,7.15,7.72,7.14,6.03,5.09,4.44,1.15,2.68,2.74,2.8,3.57,1.68,5.84,4.09,3.99,3.17,6.49,5.97,2.4,1.84,0.25,0.08,0.06,,,
Eritrea,,,,,,0.62,0.61,0.47,0.17,1.23,0.97,1.07,0.71,0.61,0.9,0.67,0.9,1.41,1.73,1.57,1.64,2.16,1.53,1.29,0.7,0.22,0.22,0.29,0.42,0.39,0.3,0.54,0.55,0.57,0.58,0.59,0.61
Estonia,15.35,16.64,17.29,17.75,16.96,16.27,14.97,14.32,16.38,17.37,15.83,14.7,13.23,11.55,10.36,9.22,7.9,8.85,8.01,8.3,7.97,8.27,8.18,8.1,7.84,9.13,9.84,,,,,,,,,,
Eswatini,,7.38,7.46,6.53,5.54,5.95,5.65,5.63,5.62,6.32,6.24,5.03,5.93,5.76,5.64,6.74,7.11,7.88,7.47,8.26,5.68,6.33,5.69,6.57,4.87,5.57,5.14,6.68,4.4,3.47,6.47,9.69,7.66,6.03,6.8,5.79,8.77
Ethiopia,,1.43,1.43,1.43,1.4,0.86,0.88,0.77,0.44,0.75,0.83,0.65,0.56,0.52,0.52,0.54,0.57,0.9,0.8,0.85,0.78,0.7,0.65,0.68,0.65,0.78,0.92,0.86,0.66,0.63,0.62,0.63,0.68,0.98,0.76,0.9,0.92
Fiji,,2.21,2.32,2.3,2.24,2.13,2.25,2.32,1.96,2.1,2.07,2.02,1.63,1.76,1.85,1.93,2.05,2.24,1.96,2,2.11,1.81,1.9,2.05,2.15,2.15,2.34,1.95,1.79,1.65,1.81,2.05,2.19,2.24,2.45,2.64,2.73
Finland,8.43,8.51,8.75,9.07,9.27,9.81,9.72,9.96,10.26,10.45,10.15,9.95,9.89,9.31,9.25,8.94,8.59,8.62,8.6,8.56,8.24,8.31,8.16,8.39,8.88,9.22,9.53,9.42,9.03,8.75,8.51,8.02,8.06,7.94,7.92,8.01,7.94
France,11.74,11.87,11.97,11.64,12.24,12.37,12.33,12.3,12.3,12.6,12.4,12.6,13.18,13.49,13.78,13.89,13.63,13.15,13.27,13.31,13.77,14.12,14.11,14.24,14.72,14.85,15.73,16.05,15.86,15.9,16.13,16.59,16.89,17.72,18.25,18.33,18.97
Gabon,,9.54,9.54,8.7,8.27,8.65,8.86,8.61,8.73,8.99,7.98,7.68,8.1,6.45,8.3,9.26,8.84,8.93,8.67,9.41,8.7,9.35,7.26,8.39,8.75,10.44,9.48,9.34,12.28,11.4,13.73,14.75,15.14,14.67,14.44,11.88,11.89
Gambia,,2.96,2.94,2.89,2.97,2.92,3.06,3.05,2.98,3.18,3.24,3.3,3.55,3.63,3.37,3.28,3.14,2.17,1.88,1.58,1.44,1.38,1.56,1.43,1.72,1.45,1.66,1.64,1.8,1.96,2.19,1.67,1.27,1.56,1.47,0.94,0.72
Georgia,7.44,7.44,7.23,7.06,7.59,8.68,8.1,6.88,8.05,7.64,6.29,4.7,3.74,3.36,3.02,3.09,3.71,2.06,2.09,2.62,3.5,3.35,5.39,6.51,6.76,3.17,4.84,,,,,,,,,,
Germany,10.9,11.99,11.6,11.67,11.76,11.87,11.35,11.61,11.75,11.89,12.14,12.04,11.83,11.92,12.25,12.46,12.91,12.94,12.74,13,13.12,13.35,13.37,13.5,13.84,13.92,14.89,14.64,14.61,14.82,14.72,15.14,15.14,15.75,15.69,16.01,16.45
Ghana,,1.56,1.56,1.6,1.79,1.86,1.94,1.92,2.18,1.39,1.96,1.81,1.79,1.91,1.95,1.85,1.95,1.64,1.72,1.65,1.87,1.94,1.86,1.82,1.57,1.46,1.3,1.49,1.55,1.71,1.35,1.46,1.61,1.47,1.51,1.64,1.63
Greece,6.52,6.64,6.99,7.52,7.62,8.03,8.99,9.07,9.52,9.7,9.47,10.03,9.6,9.49,8.67,9.32,9.16,9.47,9.03,9.5,9.67,10.09,10.43,10.67,9.99,10.18,10.33,10.15,10.1,9.82,8.92,10.88,11.59,11.78,11.01,12.04,13.21
Grenada,8.88,8.67,8.47,8.37,8.28,8.11,8.18,8.42,8.92,9.04,9.05,8.79,8.38,9.76,10.75,9.64,9.4,10.08,10.1,9.39,7.8,6.75,7.72,7.31,7.2,6.75,7.31,,,,,,,,,,
Guatemala,1.62,1.62,1.65,1.81,1.9,2.02,1.99,2,2.06,2.24,2.22,2.2,2.25,2.29,2.26,2.37,2.48,1.32,1.65,1.95,2.19,2.09,1.68,2.05,2.4,2.31,3,2.47,3.04,2.77,2.58,3.03,3.02,2.82,2.91,2.73,2.49
Guinea,,0.34,0.28,0.22,0.22,0.22,0.2,0.18,0.2,0.19,0.16,0.2,0.34,0.18,0.2,0.17,0.17,0.33,0.39,0.24,0.32,0.57,0.41,0.4,0.37,0.27,0.17,0.21,0.19,0.18,0.15,0.06,0.05,0.05,0.05,0.05,0.06
Guinea-Bissau,,2.81,2.8,2.69,2.83,2.96,2.83,2.73,2.84,3.03,3.26,3.46,3.32,2.86,2.43,2.56,2.94,2.16,2.06,2.31,2.78,2.96,3,3.12,2.79,3.05,2.88,2.67,0,2.46,2.44,2.84,3.11,3.16,3.55,3.19,2.53
Guyana,5.31,4.75,5.2,5.11,5.13,5.11,5.08,5.08,5.02,5.09,4.99,5.22,8.06,8.11,7.85,6.78,6.7,7.17,7.82,6.54,8.55,8.54,8.86,9.39,9.3,8.58,8.08,9.94,10.35,7.6,6.06,5.89,4.06,5.17,6.06,6.21,5.02
Haiti,,5.81,5.81,5.81,5.81,5.71,5.77,5.9,6,6.15,6.26,5.34,6.13,6.67,6.13,6.24,4.81,5.73,5.87,6,6.15,5.42,4.6,4.72,4.8,5.53,6.12,5.8,5.66,5.11,5.74,6.41,4.45,5.26,6.72,6.45,6.45
Honduras,2.86,2.84,2.64,2.92,2.92,2.94,2.91,2.97,3.05,3.12,3.23,3.23,3.02,3.04,3.09,2.74,2.61,2.6,2.57,2.7,2.43,2.55,2.27,2.59,2.42,2.48,2.47,2.15,2.25,2.01,2.04,1.9,2.18,2.19,2.3,2.58,2.67
Hungary,,10.9,10.88,10.7,11.14,11.35,10.75,11.46,11.64,12.55,13.16,12.94,,13.24,13.28,13.18,12.23,12.09,12.69,12.51,12.55,12.56,13.71,14.16,14.82,15.43,16.15,16.29,15.34,15.7,16.67,16.74,16.82,16.39,16.82,16.73,16.88
Iceland,7.5,7.66,7.01,6.8,6.82,6.84,6.79,7.24,7.19,7.53,7.2,7.05,6.71,6.52,6.53,6.32,6.14,5.9,5.56,5.1,4.9,4.76,4.61,4.45,4.73,5.14,5.24,5.35,5.47,5.64,5.47,5.34,5.37,5.11,4.92,5.05,4.97
India,3.04,3,3.02,3.05,3.06,2.96,2.74,2.47,1.91,1.57,1.35,1.26,1.19,1.18,1.09,0.99,0.93,1.73,1.43,1.54,1.91,1.83,1.71,1.76,1.59,1.84,1.71,1.66,1.55,1.49,1.32,1.26,1.15,1.17,1.17,1.1,1.06
Indonesia,0.29,0.28,0.28,0.28,0.1,0.09,0.09,0.09,0.08,0.07,0.07,0.07,0.06,0.05,0.05,0.06,0.06,0.09,0.09,0.1,0.11,0.11,0.06,0.08,0.06,0.06,0.07,0.06,0.07,0.07,0.07,0.06,0.06,0.08,0.1,0.09,0.08
Iran (Islamic Republic of),,0.01,0.01,0.01,0.02,0.03,0.03,0.03,0.02,0.02,0.02,0.01,0.01,0.01,0,0,0,0,0,0,0,0,0,0,0,0,0,0,0,0,0,0,0,0,0,0,0
Iraq,,0.17,0.17,0.17,0.19,0.18,0.19,0.2,0.17,0.15,0.03,0.18,0.32,0.07,0.15,0.17,0.2,0.21,0.22,0.23,0.26,0.34,0.33,0.39,0.27,0.24,0.48,0.75,0.67,0.66,0.76,0.66,0.9,0.68,0.8,0.69,0.73
Ireland,11.46,10.93,11,10.64,11.53,11.65,11.63,11.27,12.42,13.37,13.38,13.42,13.14,13.07,13.98,14.06,13.87,14.95,14.44,14.18,13.66,12.86,12.67,12.34,12.51,12.2,12.13,11.79,11.39,10.99,11.23,11.62,11.07,10.87,11.9,12.51,13.19
Israel,2.64,2.61,2.71,2.86,2.81,2.66,2.63,2.56,2.48,2.34,2.23,2.41,2.3,2.36,2.55,2.61,2.63,2,2.09,2.03,1.62,1.5,1.72,2.18,1.81,1.73,1.84,2.03,2.18,2.26,2.26,2.69,2.65,2.8,2.65,2.8,2.92
Italy,7.08,7.14,7.56,7.35,7.48,6.98,6.95,6.4,6.84,7.19,7.26,7.41,8.98,9.3,9.25,9.68,9.78,8.86,8.98,9.12,9.13,9.62,10.12,10.27,10.55,10.82,10.99,10.95,11.41,11.76,12.37,13.22,14.08,14.55,14.5,15.07,16.73
Jamaica,3.44,3.33,3.28,3.27,3.15,3.09,3.06,2.84,2.94,2.99,3.02,3.08,3.12,3.08,3.3,3.41,3.43,2.72,2.74,2.86,2.92,2.87,2.98,3.43,4.47,4.83,3.54,3.06,3.12,3.12,2.78,2.68,3.21,4.2,3.99,3.99,4.57
Japan,,6.86,6.71,6.95,6.83,6.86,6.88,6.98,7.06,7.28,7.48,7.99,7.69,7.83,7.87,8.02,7.96,8.17,8.1,8.15,8.06,8.16,8.29,8.37,8.09,8.03,8.28,7.74,8.17,7.69,7.21,6.98,7.11,7.12,6.88,6.77,6.63
Jordan,0.38,0.37,0.43,0.41,0.43,0.44,0.52,0.59,0.61,0.59,0.58,0.55,0.54,0.54,0.54,0.55,0.49,0.15,0.15,0.17,0.16,0.15,0.15,0.15,0.11,0.14,0.2,0.18,0.28,0.3,0.3,0.24,0.37,0.54,0.39,0.33,0.44
Kazakhstan,5.8,5.92,6.06,6.26,6.48,6.35,6.59,6.44,7.4,7.26,6.91,6.73,6.39,6.42,5.94,5.66,6,3.52,3.89,3.4,3.08,4.91,8.78,10.43,10.96,12.77,11.9,,,,,,,,,,
Kenya,,1.86,1.77,2.06,1.96,1.95,1.84,2.04,1.79,2.2,1.96,1.49,1.29,1.19,1.4,1.35,1.31,1.65,1.72,1.91,1.82,2.13,1.9,2.04,2.57,2.55,2.91,2.83,2.9,2.78,2.76,2.8,2.47,2.4,2.62,3.26,3.9
Kiribati,,0.36,0.36,0.36,0.37,0.55,0.49,0.56,0.48,0.7,0.79,0.6,0.48,0.5,0.49,0.6,0.46,0.73,0.77,0.62,0.69,0.71,0.54,0.58,0.58,0.63,0.44,0.48,0.5,0.63,0.58,0.52,0.57,0.67,0.81,0.95,1.17
Kuwait,,0.01,0.01,0.01,0.01,0.02,0.01,0.1,0.03,0.03,0.01,0.01,0.02,0.03,0.01,0.01,0.01,0,0,0,0,0,0,0,0,0,0,0,0,0,0,0,0,0,0,0,0
Kyrgyzstan,3.91,4.7,5.59,5.72,5.83,6.02,6.08,5.99,7.28,6.97,6.77,6.52,6.74,6.43,5.89,5.74,5.32,1.69,3.31,2.64,2.53,1.66,2.98,2,4.25,4.66,4.53,4.29,3.51,3.01,3.42,7.08,,,,,
Lao People's Democratic Republic,,6.81,6.63,6.41,6.31,6.29,6.09,5.3,5.2,5.07,3.73,3.71,3.56,3.43,3.35,3.14,5.19,5.32,5.2,5.17,5.08,4.98,5,4.81,4.77,4.79,4.84,7.51,4.71,4.6,4.93,4.81,4.67,4.65,4.62,4.56,4.2
Latvia,11.19,10.82,10.6,10.43,10.2,10.11,9.83,9.85,11.84,12.12,10.4,9.92,8.81,8.24,7.44,6.68,7.13,8.84,8.94,8.36,8.37,9.08,9.59,7.95,6.88,6.74,6.72,7.51,6.27,5.75,7.79,10.85,12.35,12.33,12.43,12.79,13.03
Lebanon,1.21,1.18,1.36,1.34,1.42,1.47,1.56,1.61,1.68,1.72,1.82,1.94,2.1,2.19,1.98,2.19,2.26,1.5,1.59,2.08,1.42,2.38,2.45,2.37,2.09,2.6,1.63,3.94,4.04,3.81,4.12,3.74,3.47,3.29,3.37,3.31,3.11
Lesotho,,2.88,2.66,2.64,2.51,2.45,2.86,2.98,2.97,2.9,2.82,2.49,1.81,2,2.97,2.87,3.1,2.08,1.92,2.03,2.14,2.26,2.48,2.41,2,2.03,2.48,2.02,2.19,2.1,2.35,2.55,3.3,3.56,2.25,3.33,3.41
Liberia,,3.51,3.47,3.72,3.75,3.74,3.63,3.75,3.89,4.04,4.05,4.19,4.24,4.22,4.28,4.41,4.46,3.85,4.15,4.53,4.64,5.17,5.16,4.97,4.96,4.66,4.55,5.62,5.52,4.88,4.43,3.99,3.62,3.28,3.42,3.72,3.99
Libya,,,,0,0.01,0,0,0.01,0.01,0.01,0.01,0,0.01,0.01,0.01,0,0.01,0.02,0.01,0,0,0,0,0,0,0,0,0,0,0,0,0,0,0,0,0,0
Lithuania,13.61,14.42,14.82,15.14,15.15,14.88,13.61,12.4,13.3,13.4,12.7,12.3,12.1,11.29,11,10.2,9.87,6.75,6.35,7.34,7.13,6.09,3.62,3.88,3.97,8.03,7.05,8.14,7.11,6.22,8.04,11.56,13.01,,,,
Luxembourg,11.22,11.83,11.69,11.55,11.89,12.01,11.72,11.6,11.72,11.94,12.17,12.02,12.42,12.61,12.91,12.89,13.14,12.92,12.88,13.03,13.31,13.61,13.61,13.74,14.18,14.26,15.03,15.21,15.11,15.23,15.3,15.74,15.9,16.61,16.84,17.04,17.57
Madagascar,0.89,0.87,0.88,0.87,0.93,0.97,1.03,0.91,0.68,0.71,0.68,0.83,0.83,0.94,0.91,1.17,1.31,1.21,1.06,1.01,1.29,1.24,1.26,1.14,1.3,1.26,1.52,1.38,1.31,1.33,1.4,1.29,1.18,1.44,1.33,1.61,1.55
Malawi,,2,1.99,1.99,1.83,1.86,1.67,1.78,1.94,1.98,1.98,1.48,1.27,1.24,1.27,1.33,1.38,1.29,1.32,1.26,1.61,1.59,1.12,0.99,1.15,1.06,0.94,1.02,1.1,1.12,1.36,1.35,1.09,1.17,1.64,1.81,1.69
Malaysia,0.63,0.64,0.58,0.59,0.53,0.51,0.49,0.47,0.47,0.43,0.43,0.46,0.49,0.48,0.49,0.53,0.54,1.08,1.01,0.97,0.92,0.94,0.88,0.89,0.94,0.75,0.79,0.68,0.66,0.64,0.64,0.69,0.66,0.65,0.81,0.83,0.83
Maldives,,1.32,1.32,1.33,1.31,1.89,1.72,1.62,1.72,1.69,1.57,1.35,1.6,1.76,1.78,1.62,1.47,,,,,,,,,,,,,,,,,,,,
Mali,,0.58,0.58,0.58,0.61,0.6,0.58,0.56,0.58,0.55,0.55,0.54,0.54,0.55,0.61,0.6,0.57,0.42,0.4,0.49,0.51,0.48,0.46,0.46,0.47,0.54,0.63,0.67,0.67,0.62,0.61,0.64,0.46,0.44,0.51,0.39,0.4
Malta,8.02,7.75,7.88,7.97,7.92,7.12,7.52,7.53,7.27,7.62,9.03,6.55,6.66,6.8,6.11,5.95,5.88,6.81,6.7,6.46,7.22,7.19,7.2,7.21,7.17,7.22,7.21,7.13,7.15,5,5.33,4.91,5.05,4.29,4.94,5.24,5.38
Mauritania,,0,0,0,0,0.01,0,0,0.02,0.02,0.01,0.01,0.01,0.01,0.02,0.01,0.03,0.02,0.02,0.02,0.02,0.01,0.01,0.02,0.02,0.06,0.02,0.03,0.01,0.02,0.03,0.05,0.04,0.05,0.04,0.06,0.08
Mauritius,,2.58,2.8,2.95,2.94,3.02,2.95,2.82,2.49,3.24,3.73,3.94,4.17,4.08,4.13,4.37,4.6,3.75,3.28,3.19,2.91,2.95,2.79,2.84,3.28,3.02,2.62,3.54,3.57,3.42,3.04,2.86,2.82,2.97,2.87,2.82,3.02
Mexico,5.53,5.28,5.19,5.16,5.31,5.32,5.15,5.23,5.34,5.35,5.13,4.96,4.93,4.91,4.82,4.93,5.06,4.85,4.88,4.76,5.26,5.14,5.18,5.23,5.27,4.84,4.89,5.1,4.49,4.7,4.43,4.45,4.38,4.33,4.51,4.76,4.52
Micronesia (Federated States of),,1.59,1.59,1.67,2.98,1.91,1.78,2.05,1.97,1.63,1.73,1.9,2.03,3.16,2.79,2.83,2.23,3.54,3.58,3.61,3.65,3.71,0,0,0,0,0,0,0,0,0,0,0,0,0,0,0
Mongolia,,5.66,5.74,5.64,5.51,5.38,5.06,4.64,4.14,3.61,3.44,2.73,1.68,1.39,1.42,0.92,2.01,2.36,3.23,1.63,1.52,2.05,1.68,1.86,1.72,2.06,2.23,2.59,2.16,2.1,2.72,3.33,3.65,3.52,4.03,3.75,3.64
Montenegro,,6.41,6.53,6.47,6.49,6.38,7.26,7.26,6.94,5.69,6.53,,,,,,,,,,,,,,,,,,,,,,,,,,
Morocco,,0.38,0.5,0.53,0.54,0.54,0.55,0.62,0.57,0.56,0.58,0.53,0.56,0.58,0.46,0.46,0.45,0.51,0.64,0.48,0.5,0.56,0.6,0.61,0.75,0.79,0.71,0.7,0.76,0.77,0.72,0.56,0.54,0.55,0.58,0.73,0.64
Mozambique,1.29,1.23,1.1,1,0.99,0.93,0.85,0.74,0.76,0.69,0.6,0.62,0.59,1.69,2.19,2.14,1.17,1.02,0.67,0.62,0.69,0.81,0.57,0.48,0.57,0.65,0.51,0.39,0.27,0.29,0.37,0.25,0.26,0.37,0.35,0.62,0.93
Myanmar,,1.6,1.78,1.67,1.36,1.09,0.97,0.86,0.78,0.72,0.65,0.62,0.62,0.59,0.14,0.12,0.11,0.26,0.26,0.29,0.27,0.21,0.23,0.21,0.23,0.09,0.12,0.15,0.16,0.27,0.28,0.3,0.29,0.23,0.22,0.2,0.17
Namibia,,7.83,7.83,7.83,6.34,7.71,7.44,7.87,6.16,5,4.84,4.74,4.55,5.04,4.84,4.87,5.5,4.24,1.59,2.3,0.19,0.1,0.3,0.2,0.19,0.24,0.23,0.24,0.25,0.25,0.26,0.27,0.27,0.27,0.27,0.26,0.26
Nauru,,,,2.54,3.64,4.44,4.66,2.01,2.54,2.24,2.16,1.91,2.29,1.94,2.79,2.71,5.19,3.46,,,,,,,,,,,,,,,,,,,
Nauru,,,,2.54,3.64,4.44,4.66,2.01,2.54,2.24,2.16,1.91,2.29,1.94,2.79,2.71,5.19,3.46,,,,,,,,,,,,,,,,,,,
Nepal,,0.58,0.69,0.6,0.26,0.25,0.23,0.22,0.21,0.2,0.2,0.23,0.23,0.2,0.19,0.09,0.08,0.09,0.08,0.08,0.07,0.07,0.06,0.06,0.05,0.05,0.03,0.03,0.02,0.02,0.01,0.01,0.02,0.01,0.01,0.01,0.01
Netherlands,,8.03,8.16,8.54,9.28,9.17,9.32,9.22,9.61,9.51,9.78,9.67,9.56,9.56,9.68,9.95,10.06,10.06,9.93,10.05,9.8,9.8,9.68,9.67,10.03,10.03,9.91,10.03,10.17,10.2,10.62,10.55,10.76,11.22,11.04,11.25,11.33
New Zealand,9.24,8.87,9.15,9.25,9.24,9.48,9.63,9.23,9.47,9.19,9.35,9.33,9.17,8.93,9.1,8.7,8.84,8.3,8.13,8.29,9.94,10.15,10.33,10.43,10.52,11.19,11.31,11.52,11.28,12.27,12.22,11.96,12.08,11.99,12.67,12.98,13.32
Nicaragua,3.86,3.73,3.54,3.56,3.61,3.36,3.34,3.32,3.58,3.77,3.63,3.64,3.75,3.72,3.46,3.48,3.58,2.81,2.79,2.42,2.22,2.45,2.56,2.75,2.81,2.95,2.74,2.49,2.6,3.45,3.48,3.35,3.1,3.2,3.03,3.52,3.02
Niger,,0.11,0.11,0.1,0.16,0.13,0.11,0.1,0.11,0.1,0.1,0.1,0.1,0.1,0.09,0.09,0.09,0.08,0.09,0.07,0.06,0.08,0.01,0.08,0.07,0.09,0.1,0.11,0.13,0.15,0.17,0.14,0.21,0.21,0.31,0.25,0.25
Nigeria,,9.62,9.64,9.63,9.9,10.13,10.31,10.49,10.71,10.98,11.09,11.16,11.25,11.25,11.02,11.1,11.4,10.34,10.31,9.88,9.35,8.77,8.91,8.97,9.17,9.37,9.21,6.74,6.76,7.32,7.26,7.27,7.35,7.46,8.51,8.31,8.22
Niue,,,,10.57,11.29,5.99,4.9,7.06,7.02,5.02,7.1,6.22,6.8,8.27,5.16,9.17,7.42,7.44,5.4,6.06,10.15,9.92,7.5,5.9,7.54,6.34,7.23,,,,,,,,,,
Norway,6.03,5.97,6.06,6.22,6.21,6.44,6.59,6.68,6.75,6.6,6.47,6.37,6.22,6.04,5.89,5.49,5.67,5.45,5.24,5.28,5.04,4.79,4.74,4.55,4.67,4.9,4.99,5.08,5.26,5.38,5.27,5.22,4.98,4.85,4.83,5.32,5.98
Oman,0.39,0.39,0.39,0.42,0.48,0.51,0.53,0.53,0.54,0.54,0.56,0.62,0.61,0.56,0.54,0.55,0.38,0.21,0.27,0.3,0.3,0.27,0.29,0.3,0.3,0.31,0.25,1.03,1.08,1.17,0.14,0.12,0.14,0.16,0.23,0.27,0.29
Pakistan,0.04,0.04,0.04,0.03,0.03,0.04,0.04,0.03,0.03,0.03,0.03,0.04,0.01,0.01,0.01,0.01,0.02,0.02,0.03,0.03,0.03,0.03,0.03,0.03,0.03,0.02,0.02,0.02,0.02,0.02,0.02,0.02,0.02,0.02,0.02,0.02,0.01
Panama,6.69,6.92,7.29,7.35,7.11,7.05,6.9,6.9,6.74,6.15,5.73,5.55,5.72,5.55,5.55,5.47,5.61,6.23,6.28,5.9,5.67,5.55,5.46,5.22,5.5,5.77,5.72,4.61,4.24,5.06,5.08,4.87,4.99,4.74,5.09,5.06,4.98
Papua New Guinea,,0.71,0.76,0.83,0.87,0.88,0.79,0.82,0.81,0.71,0.64,0.84,0.58,0.59,0.61,0.68,0.74,0.87,0.89,0.88,0.63,1.01,1.08,1.1,1.11,1.11,1.11,1.12,1.26,1.29,1.23,1.31,1.25,1.29,1.51,1.43,1.61
Paraguay,5.8,5.63,6.07,6.14,6.17,6.6,6.81,6.64,7.69,6.66,6.51,5.98,5.62,4.76,5.02,5.82,6.18,8.29,9.61,10.49,11.05,11.55,9.99,9.85,9.12,9.11,7.55,6.51,6.83,7.35,7.48,6.85,7.03,6.51,6.8,6.29,7
Peru,,5.1,5.14,5.06,5.38,5.26,5.28,5.18,5.14,4.7,4.67,4.96,4.7,4.75,4.06,4.22,4.87,4.05,4.32,4.62,4.72,5.23,5.28,5.03,5.62,5.26,5.04,4.99,5.54,6.69,5.95,5.1,5.73,6.07,5.78,5.93,6.01
Philippines,4.55,4.41,4.55,4.53,4.95,4.9,4.78,4.37,4.18,4.16,4.06,4.21,4.43,4.43,4.4,4.54,4.73,3.8,3.82,3.83,3.85,3.87,3.67,3.82,4.08,4.03,4.16,3.78,3.85,4.42,4.11,4.58,4.3,4.41,3.57,3.26,3.09
Poland,10.43,10.48,10.45,10.79,10.19,10.21,10.04,10.7,11.4,10.9,10.4,9.5,9.19,9.06,8.02,7.74,8.4,8.22,8.32,8.51,7.91,8.01,8.31,8.39,8.27,8.63,8.16,9.33,9.52,9.41,9.18,8.5,8.31,8.25,8.54,11.21,10.66
Portugal,10.66,10.54,10.35,10.54,10.86,11.91,12.23,12.03,12.35,12.59,13.12,13.34,13.47,14.21,13.23,13.41,13.08,13.18,12.48,12.58,12.84,13.59,14.05,14.17,14.36,14.78,15.21,14.64,12.92,12.35,13.49,13.93,16.37,15.88,16.99,15.38,14.91
Puerto Rico,,,4.96,4.87,4.8,4.63,4.66,4.76,4.87,5.06,5.26,5.35,5.3,5.5,5.85,6.06,6.28,,,,,,,,,,,,,,,,,,,,
Qatar,1.31,1.26,1.2,1.24,1.16,1.17,1.14,1.08,1.34,1.2,1.24,1.16,1.11,1,0.87,0.76,0.5,0.48,0.56,0.9,0.9,0.92,0.86,0.8,1.07,1.03,1.13,1.45,1.42,1.42,2.11,2.06,2.23,3.06,4.05,4.06,1.64
Republic of Korea,,9.06,8.95,8.77,8.98,8.86,8.9,8.97,9.31,9.05,8.83,9.03,9.18,9.66,9.55,11.45,10.33,9.16,8.65,8.69,8.77,7.94,8.14,7.82,8.13,8.24,8.37,9.61,10.13,10.18,10.25,10.18,10.67,10.71,13.7,14.22,14.77
Republic of Moldova,9.3,9.39,9.14,9.62,9.85,8.67,7.55,7.77,8.35,8.94,7.72,10.16,11.77,7.76,6.44,10.78,9.77,14.37,16.87,16.4,16.44,15.82,16.31,11.6,10.06,,,,,,,,,,,,
Romania,,10.4,10.46,10.59,10.55,10.4,10.79,11.77,13.11,11.6,10.29,9.95,9.82,8.78,9.62,9.78,10.16,7.66,7.28,8.74,8.05,8.2,7.84,9.01,8.81,8.91,8.92,8.67,10.4,10.29,10.31,10.09,10.14,10.21,10.28,10.48,10.91
Russian Federation,8.42,8.41,8.85,9.92,10.89,10.95,10.98,11.25,12.09,12.23,11.83,11.59,11.5,11.32,10.87,10.47,10.18,10.7,9.87,9.25,9.21,11.22,8.66,8.36,7.07,8.05,7.37,5.35,5.19,4.59,5.29,7.61,8.98,8.46,7.68,7.66,7.91
Rwanda,,6.91,6.83,6.9,7.13,7.3,7.7,7.35,7.57,7.89,8.85,9.31,7.9,8.73,9.27,9.4,8.82,9.6,9.97,9.36,9.86,9.8,7.86,10.16,14.06,12.07,10.21,7.55,6.44,6.49,6.87,7.51,7.09,7.74,7.96,8.05,7.33
Saint Kitts and Nevis,8.86,8.8,8.58,8.51,8.46,8.27,8.38,9.68,10.07,10.14,10.8,10.03,9.14,8.54,8.29,8.55,8.41,6.55,6.25,5.61,5.86,6.32,4.37,4.62,4.03,4.16,5.03,4.65,4.26,3.17,3.98,3.51,3.97,3.89,4.66,4.44,4.44
Saint Lucia,9.69,9.66,9.5,9.26,9.63,10.26,10.68,10.83,11.82,12.43,13.22,12.1,11.64,12.55,11.85,12.02,11.69,11.91,10.85,10.49,10.85,11.8,11.34,13.21,12.85,12.18,11.72,11.62,12.27,10.03,9.66,8.9,9.07,8.52,8.79,9.91,8.35
Saint Vincent and the Grenadines,7.44,7.25,6.99,6.89,6.93,7.02,6.99,6.84,6.91,5.88,5.92,6.03,5.42,5.1,4.94,4.73,4.8,6.73,6.19,5.98,5.74,6.12,5.97,5.97,6.47,6.11,6.18,,,,,,,,,,
Samoa,,1.97,2.01,1.9,2.19,2.16,3.01,2.88,3.97,3.85,3.52,3.63,3.62,4.16,3.29,3.42,3,1.78,1.74,1.41,3.21,2.38,2.8,3.4,2,2.19,2.27,2.63,2.63,3.14,1.63,1.74,1.7,2.05,1.19,0.6,0.89
Sao Tome and Principe,,4.85,5.39,4.78,4.83,5.9,5.8,4.31,4.53,4.29,5.63,5.5,5.94,6.73,5.99,5.2,5.68,5.73,6.47,4.89,5.35,4.57,4.37,5.3,2.8,3.71,2.8,2.58,1.74,1.9,0.65,0.76,0.94,0.5,0.69,1.34,1.4
Saudi Arabia,,0.08,0.08,0.08,0.08,0.09,0.08,0.08,0.08,0.1,0.07,0.05,0.06,0.05,0.05,0.05,0.05,0.01,0.07,0.06,0.06,0.06,0.05,0.03,0.06,0.21,0.16,0.15,0.21,0.22,0.2,0.27,0.4,0.32,0.33,0.2,0.23
Senegal,,0.25,0.25,0.25,0.28,0.31,0.28,0.3,0.28,0.32,0.35,0.33,0.35,0.34,0.36,0.35,0.29,0.41,0.38,0.34,0.38,0.37,0.39,0.36,0.39,0.42,0.57,0.61,0.56,0.46,0.44,0.45,0.58,0.67,0.61,0.61,0.67
Serbia,9.17,9.13,8.77,9.06,9.05,8.96,9.09,8.6,8.61,8.72,8.52,,,,,,,,,,,,,,,,,,,,,,,,,,
Seychelles,,11.5,9.77,9.36,8.16,8.58,5.92,5.53,6.76,7.49,7.01,8.4,7.15,7.36,7.84,7.09,8.17,4.75,4.77,4.56,4.57,4.79,4.53,4.74,4.47,4.2,3.97,3.3,3.26,3.28,3.21,3.19,3.12,3.3,3.27,3.39,3.63
Sierra Leone,,3.42,3.4,3.53,3.6,3.84,3.91,4.06,4.02,3.97,3.92,3.95,4.13,4.23,4.23,4.4,4.14,6.88,6.8,6.68,6.72,4.15,4.17,4.17,4.18,4.21,4.26,4.38,4.38,4.52,4.61,4.79,4.57,4.83,4.52,4.4,4.53
Singapore,1.81,1.8,1.83,1.84,1.93,1.89,1.84,1.72,1.69,1.59,1.55,1.49,1.44,1.43,2.16,2.08,2.02,2.08,2.09,2.1,1.99,2.01,1.88,1.76,1.79,1.7,1.61,1.61,1.75,1.74,1.63,1.79,2.32,2.35,2.29,2.33,2.49
Slovakia,10.14,10.78,10.89,10.54,10.66,10.78,10.55,10.69,11.43,10.63,10.31,10.83,10.03,9.85,10.78,10.73,11.06,12.13,12.13,13.09,12.86,12.55,13.02,12.04,12.63,13.24,,12.7,12.77,13.24,13.3,13.82,14.33,14.85,15.2,15.02,14.93
Slovenia,10.51,11.49,10.92,9.53,10.95,10.61,10.31,10.52,10.94,11.02,12.26,11.19,10.01,11.55,9.87,11.58,12.8,12.28,14.61,11.44,12.6,13.94,14.8,15.66,15.7,13.18,13.79,12.96,14.96,16.64,18.13,15.07,17.23,17.28,19.5,16.94,
Solomon Islands,,0.98,0.95,0.98,1,1.05,1.09,1.2,1.07,0.82,1.01,1.13,1.21,1.2,1.09,0.7,0.71,0.21,0.24,0.42,0.35,0.3,0.36,0.36,0.91,0.64,0.66,0.58,0.71,0.69,0.9,1.13,1.1,0.92,0.78,0.87,0.85
Somalia,,0,0,0,0,0,0,0,0,0,0,0,0,0,0,0,0,0,0,0,0,0,0,0.01,0,0,0.01,0,0,0.01,0.01,0.01,0.01,0.01,0.01,0.02,0.02
South Africa,7.12,7.12,7.17,7.19,7.26,7.28,7.28,8.03,8.6,8.83,8.78,8.94,8.04,8.22,8.4,8.67,8.85,10.81,10.6,10.77,10.76,8.96,9.22,8.82,9.13,9.02,9.23,9.21,9.22,8.97,8.85,8.4,8.77,8.47,8.57,8.78,8.6
Spain,8.58,8.26,8.7,8.77,8.83,9.01,9.78,9.99,10.24,11.05,11.86,11.92,11.68,11.35,10.74,12.35,11.84,11.33,11.58,11.69,10.86,11.09,11.36,11.67,12.19,12.88,12.98,13.28,13.52,14.41,14.37,14.47,14.49,16.18,16.23,16.84,17.69
Sri Lanka,,2.72,2.45,2.65,2.89,3.03,2.31,2.05,2.1,2.29,1.96,1.97,1.56,1.69,1.62,1.68,1.45,1.53,1.5,1.53,1.36,1.91,1.64,1.49,1.6,1.48,1.25,0.14,0.17,0.18,0.2,0.26,0.28,0.23,0.32,0.38,0.3
Sudan,,,,0.06,0,,,1.99,2.01,2.01,1.9,1.55,1.59,1.74,1.59,1.81,1.76,1.93,1.89,2,2,2.01,1.98,2.07,1.91,1.92,1.95,0.15,0.19,0.25,0.25,0.25,0.26,0.24,0.19,1.57,1.53
Suriname,4.22,4.69,5.41,5.95,5.75,5.66,5.27,5.14,4.96,4.74,4.54,4.5,4.58,4.56,4.44,4.26,4.32,6.14,7.12,7.21,4.75,4.99,5.21,4.55,4.78,4.38,4.27,3.67,4.11,3.48,5.25,6.24,6.97,7.22,8.36,8.21,9.3
Sweden,7.18,7.16,7.2,7.32,7.23,7.34,7.31,7.3,6.9,6.9,6.5,6.5,6.6,6.9,6.9,6.6,6.2,6.88,6.8,7.11,6.9,7.33,7.71,7.51,7.5,7.47,7.41,7.47,7.31,7.07,7.21,6.9,6.82,6.96,7.29,7.14,7.65
Switzerland,9.43,9.62,9.62,9.74,9.87,9.99,10.01,10.15,10.29,10.44,10.24,10.15,10.55,10.82,10.85,11.12,11.26,11.05,11.07,11.21,11.33,11.45,11.79,12.33,12.33,12.9,12.99,13.86,14.03,14.02,14.07,14.37,14.33,14.41,14.71,14.58,14.25
Syrian Arab Republic,,0.23,0.2,0.15,0.21,0.6,0.76,0.75,0.74,0.74,0.75,0.78,0.6,0.86,0.9,0.94,0.92,0.52,0.93,0.76,0.82,0.66,0.77,0.76,0.91,0.76,0.59,0.55,0.84,0.77,1.03,1.01,0.85,0.79,0.96,0.82,0.93
Tajikistan,0.91,0.9,0.87,0.79,0.76,0.7,0.67,0.68,0.59,0.59,0.63,0.76,0.82,0.88,0.94,0.94,0.91,0.33,0.45,0.8,1.82,1.75,1.28,1.17,2.4,,,,,,,,,,,,
Thailand,,6.57,6.9,6.79,7.09,7.14,6.7,6.74,7.54,6.14,6.12,6.21,5.8,5.95,5.72,5.75,5.4,5.16,5.88,5.9,6.1,5.75,5.07,5.07,5,5.14,5.02,4,3.45,2.6,2.46,2.46,6.04,6.05,5.26,5.47,5.51
The former Yugoslav republic of Macedonia,4.83,4.68,3.75,3.81,3.74,3.74,3.76,3.9,4.27,4.04,4.01,4.58,3.94,3.91,4.49,4.6,4.86,5.03,6.24,5.53,5.68,6.63,7.54,5.09,7,,,,,,,,,,,,
Timor-Leste,,0.56,0.56,0.56,0.57,0.46,0.09,0.09,0.06,0.05,0.04,0.36,0.39,0.44,0.48,0.5,0.5,0.5,0.49,0.44,0.41,0.4,0.39,0.38,0.37,0.38,0.37,,,,,,,,,,
Togo,,1.66,1.66,1.63,1.38,1.53,1.3,1.31,1.41,1.45,1.46,1.11,1.04,1.06,1.04,0.98,1.16,0.97,1.26,1.4,1.35,1.59,1.3,1.27,1.34,1.58,1.91,2.22,2.54,2.65,2.8,2.84,2.61,3.61,6.79,5.4,4.42
Tonga,,,,0.37,0.54,0.96,1.24,1.08,1.1,2.05,1.79,1.57,1.79,1.79,1.5,1.34,1.24,1.33,0.96,0.77,0.91,0.95,0.9,0.84,0.67,0.57,0.76,,,,,,,,,,
Trinidad and Tobago,7.52,6.87,6.88,6.68,6.68,6.5,6.5,6.37,6.41,6.37,6.35,6.12,5.82,5.53,5.12,4.55,4.68,3.81,3.59,3.31,2.4,4.27,5.52,5.18,5.65,6.24,5.97,4.67,3.53,4.35,5.21,4.94,5.89,5.4,5.57,5.85,6.82
Tunisia,1.4,1.42,1.49,1.4,1.39,1.28,1.27,1.39,1.37,1.23,1.45,1.37,1.35,1.33,1.3,1.34,1.35,1.14,1.06,1.06,1.05,1.06,1.05,0.94,0.78,0.79,0.95,0.96,0.97,0.98,1.15,1.16,1.16,1.19,1.03,1.04,1.05
Turkey,1.29,1.4,1.44,1.4,1.53,1.51,1.49,1.4,1.39,1.26,1.29,1.29,1.35,1.42,1.47,1.49,1.54,1.46,1.54,1.64,1.38,1.49,1.45,1.4,1.31,1.21,1.02,0.72,0.71,0.89,0.85,0.98,1,1.26,1.26,1.54,1.15
Turkmenistan,3.43,3.39,3.85,3.88,3.7,3.56,3.55,2.35,2.41,2.55,2.72,2.85,2.86,2.88,2.86,2.9,3.78,1.63,1.62,1.73,1.71,2,1.67,0.55,0.42,,,,,,,,,,,,
Tuvalu,,,,1.63,1.91,1.34,1.02,1.31,1.05,0.59,1.37,0.94,1.98,1.53,0.58,2.13,1.24,1.52,0.98,0.82,0.74,2.19,1.62,1.35,1.21,1.64,1.27,,,,,,,,,,
Uganda,,7.63,7.67,7.58,8.3,11.59,11.3,10.88,11.12,10.9,11.09,11.41,11.15,11.45,11.71,11.87,11.73,7.6,7.98,7.72,7.84,8.29,7.96,7.78,7.73,8.02,8.03,7.8,7.77,7.52,7.47,7.02,7.84,7.52,8.14,7.61,8.02
Ukraine,5.82,5.75,6.22,7.11,8.18,8.77,8.81,9.41,9.53,8.92,8.04,7.34,6.79,5.92,4.89,4.31,4.49,3.93,3.74,3.98,3.26,3.72,4.21,5.47,5.54,5.86,5.67,5.32,4.43,4.01,4.39,6.62,7.08,6.99,6.96,7.48,7.67
United Arab Emirates,2.1,2.03,1.94,1.86,1.79,1.76,1.7,1.72,1.82,1.62,1.62,1.62,1.58,1.56,1.59,1.61,1.63,2.83,2.54,2.9,2.68,3.32,3.53,3.68,3.95,3.92,4.05,4.43,4.86,5.37,6.74,8.35,12.43,12.35,13.8,13.77,13.77
United Kingdom of Great Britain and Northern Ireland,9.81,9.82,9.69,9.65,9.76,10.02,10.22,10.14,10.78,11.14,10.96,11.37,11.55,11.25,11.31,11.29,10.82,10.16,10.14,9.97,9.75,9.7,9.41,9.45,9.65,10.01,9.96,9.99,9.94,9.53,10.26,10.24,10.16,10.1,9.91,10.27,10.71
United Republic of Tanzania,,6.16,6.16,6.2,5.84,6.62,6.65,6.28,4.95,6.87,6.02,5.7,5.63,3.39,5.07,6.21,5.92,5.02,5.67,5.25,4.61,5.53,5.65,5.57,5.77,5.71,4.98,5.89,4.81,6.89,7.29,8.25,6.56,7.01,8.6,6.78,8.06
United States of America,,8.78,8.77,8.81,8.86,8.66,8.56,8.71,8.74,8.74,8.63,8.52,8.48,8.4,8.33,8.25,8.21,8.21,8.1,8.1,8.18,8.14,8.25,8.4,8.71,8.71,9.24,9.16,9.39,9.61,9.73,9.88,10.18,10.18,10.3,10.45,10.45
Uruguay,,9.03,9.06,8.7,8.47,8.75,8.52,6.67,6.76,6.67,6.58,6.35,5.66,5.11,5.86,6.48,6.65,7.94,7.81,7.82,7.96,8.15,7.9,7.49,7.24,7.27,7.56,7.44,7.6,7.64,7.23,7.24,7.67,7.92,8.45,8.93,8.76
Uzbekistan,1.6,1.61,1.51,1.56,1.52,1.77,1.79,1.78,1.84,1.86,1.93,1.88,2.02,3.35,3.12,3.23,3.22,1.71,1.73,1.67,1.64,1.9,1.84,1.1,1.32,,,,,,,,,,,,
Vanuatu,,0.85,0.86,0.98,1.04,0.85,0.91,0.83,1.18,1.01,1,0.88,0.85,1.2,1.24,0.91,1.21,1.15,1.34,1.43,1.23,1.47,1.72,1.39,1.46,1.58,1.53,1.76,1.67,1.44,1.74,2.16,2.26,2.2,2.1,2.2,2.55
Venezuela (Bolivarian Republic of),3.87,5.98,6.41,6.66,6.65,6.7,7.18,7.56,8.15,8.69,8.25,7.91,7.58,6.33,6.92,8.08,8.04,7.3,7.77,7.85,8.41,8.24,8.41,9.25,9.47,9.29,8.85,7.88,9.72,9.16,8.34,7.95,9.01,8.72,8.98,9.67,10.2
Viet Nam,3.1,2.92,2.74,2.66,2.5,2.37,2.18,1.91,1.73,1.52,1.36,1.2,1.62,1.58,1.41,1.36,1.28,0.6,0.61,0.62,0.63,0.31,0.32,0.16,0.16,0.16,0.16,0.16,0.16,0.16,0.17,0.17,0.17,0.17,0.17,0.17,0.17
Yemen,,0.04,0.04,0.04,0.04,0.04,0.05,0.03,0.04,0.05,0.04,0.04,0.06,0.04,0.07,0.08,0.07,0.08,0.11,0.09,0.15,0.17,0.18,0.2,0.22,0.14,0.21,0.2,0.19,0.17,0.22,0.28,0.22,0.19,0.3,0.28,0.33
Zambia,,2.89,2.93,2.81,2.96,2.93,2.95,2.5,2.31,2.78,2.49,2.25,2.39,2.28,2.41,2.59,2.62,3.1,2.97,3.01,3.18,3.3,3.13,3.11,2.71,2.77,2.91,3.37,3.49,3.22,3.07,3.11,2.83,2.95,3.35,3.81,4.29
Zimbabwe,,3.55,3.44,3.34,3.45,3.34,2.92,2.48,2.85,2.28,2.36,1.92,2.27,1.77,2.2,1.73,1.7,4.63,4.82,5.19,4.22,4.34,4.68,3.54,2.83,3.39,4.5,4.92,5.1,5.03,7.23,6.6,7.27,7.14,7,6.22,5.77
